{"cameraMode":{"drawMode":0,"name":"Shaded","section":"Shading Mode"},"sceneLighting":false,"audioPlay":false,"sceneViewState":{"showFog":false,"showMaterialUpdate":false,"showSkybox":false,"showFlares":false,"showImageEffects":false,"showParticleSystems":false},"in2DMode":false,"pivot":{"x":-5.820000171661377,"y":1.100000023841858,"z":-10.1899995803833},"rotation":{"x":0.12040258198976517,"y":-0.376131147146225,"z":0.049365393817424777,"w":0.917383074760437},"size":1.2402478456497193,"orthographic":false}