{"cameraMode":{"drawMode":0,"name":"Shaded","section":"Shading Mode"},"sceneLighting":true,"audioPlay":false,"sceneViewState":{"showFog":false,"showMaterialUpdate":false,"showSkybox":false,"showFlares":false,"showImageEffects":false,"showParticleSystems":false},"in2DMode":false,"pivot":{"x":-1.7023998498916627,"y":1.9421080350875855,"z":-3.176353931427002},"rotation":{"x":-0.5084556341171265,"y":-0.004386391490697861,"z":0.0025885426439344885,"w":-0.8610731363296509},"size":8.764392852783204,"orthographic":true}