{"cameraMode":{"drawMode":0,"name":"Shaded","section":"Shading Mode"},"sceneLighting":false,"audioPlay":false,"sceneViewState":{"showFog":false,"showMaterialUpdate":false,"showSkybox":false,"showFlares":false,"showImageEffects":false,"showParticleSystems":false},"in2DMode":false,"pivot":{"x":-2.5399999618530275,"y":1.1699999570846558,"z":-1.9700000286102296},"rotation":{"x":0.12040258198976517,"y":-0.376131147146225,"z":0.049365393817424777,"w":0.917383074760437},"size":2.3129453659057619,"orthographic":false}