{"cameraMode":{"drawMode":0,"name":"Shaded","section":"Shading Mode"},"sceneLighting":true,"audioPlay":false,"sceneViewState":{"showFog":false,"showMaterialUpdate":false,"showSkybox":false,"showFlares":false,"showImageEffects":false,"showParticleSystems":false},"in2DMode":false,"pivot":{"x":-3.709095001220703,"y":-3.6986875534057619,"z":-8.773026466369629},"rotation":{"x":0.4052610397338867,"y":0.5049933195114136,"z":-0.29048264026641848,"w":0.7045317888259888},"size":8.6497163772583,"orthographic":false}