{"cameraMode":{"drawMode":0,"name":"Shaded","section":"Shading Mode"},"sceneLighting":false,"audioPlay":false,"sceneViewState":{"showFog":true,"showMaterialUpdate":false,"showSkybox":true,"showFlares":true,"showImageEffects":true,"showParticleSystems":true},"in2DMode":false,"pivot":{"x":-4.8719024658203129,"y":1.284841537475586,"z":-8.812568664550782},"rotation":{"x":-0.010733901523053646,"y":0.9172250032424927,"z":0.024771062657237054,"w":0.3974537253379822},"size":1.9883067607879639,"orthographic":false}