{"cameraMode":{"drawMode":0,"name":"Shaded","section":"Shading Mode"},"sceneLighting":false,"audioPlay":false,"sceneViewState":{"showFog":false,"showMaterialUpdate":false,"showSkybox":false,"showFlares":false,"showImageEffects":false,"showParticleSystems":false},"in2DMode":false,"pivot":{"x":-0.000500023365020752,"y":1.2699999809265137,"z":-1.9800000190734864},"rotation":{"x":0.20176595449447633,"y":-0.24585279822349549,"z":0.05240143463015556,"w":0.9466261267662048},"size":4.088540077209473,"orthographic":false}