{"cameraMode":{"drawMode":0,"name":"Shaded","section":"Shading Mode"},"sceneLighting":false,"audioPlay":false,"sceneViewState":{"showFog":true,"showMaterialUpdate":false,"showSkybox":true,"showFlares":true,"showImageEffects":true,"showParticleSystems":true},"in2DMode":false,"pivot":{"x":-5.368047714233398,"y":1.084998607635498,"z":-6.812697887420654},"rotation":{"x":0.2156175971031189,"y":0.0401780903339386,"z":-0.008881017565727234,"w":0.9756105542182922},"size":2.5481693744659426,"orthographic":false}