{"cameraMode":{"drawMode":0,"name":"Shaded","section":"Shading Mode"},"sceneLighting":true,"audioPlay":false,"sceneViewState":{"showFog":false,"showMaterialUpdate":false,"showSkybox":false,"showFlares":false,"showImageEffects":false,"showParticleSystems":false},"in2DMode":false,"pivot":{"x":311.7196350097656,"y":211.83250427246095,"z":-14.17242431640625},"rotation":{"x":0.1760307103395462,"y":0.023037848994135858,"z":-0.004121312405914068,"w":0.9841064810752869},"size":494.47412109375,"orthographic":false}