{"cameraMode":{"drawMode":0,"name":"Shaded","section":"Shading Mode"},"sceneLighting":false,"audioPlay":false,"sceneViewState":{"showFog":true,"showMaterialUpdate":false,"showSkybox":true,"showFlares":true,"showImageEffects":true,"showParticleSystems":true},"in2DMode":false,"pivot":{"x":-6.996589660644531,"y":1.0799987316131592,"z":-9.627525329589844},"rotation":{"x":0.12140235304832459,"y":0.7535300254821777,"z":-0.14530953764915467,"w":0.6295546293258667},"size":2.945826530456543,"orthographic":false}