{"cameraMode":{"drawMode":0,"name":"Shaded","section":"Shading Mode"},"sceneLighting":false,"audioPlay":false,"sceneViewState":{"showFog":false,"showMaterialUpdate":false,"showSkybox":false,"showFlares":false,"showImageEffects":false,"showParticleSystems":false},"in2DMode":false,"pivot":{"x":1.409999966621399,"y":1.2200000286102296,"z":-14.880000114440918},"rotation":{"x":-0.21586738526821137,"y":0.6608032584190369,"z":-0.20723611116409303,"w":-0.6883265972137451},"size":14.42076587677002,"orthographic":false}