{"cameraMode":{"drawMode":0,"name":"Shaded","section":"Shading Mode"},"sceneLighting":false,"audioPlay":false,"sceneViewState":{"showFog":true,"showMaterialUpdate":false,"showSkybox":true,"showFlares":true,"showImageEffects":true,"showParticleSystems":true},"in2DMode":false,"pivot":{"x":-3.559999942779541,"y":1.350000023841858,"z":-0.8799999952316284},"rotation":{"x":0.03220054879784584,"y":0.9201641082763672,"z":-0.07747610658407211,"w":0.38243773579597475},"size":1.0320091247558594,"orthographic":false}