{"cameraMode":{"drawMode":0,"name":"Shaded","section":"Shading Mode"},"sceneLighting":false,"audioPlay":false,"sceneViewState":{"showFog":true,"showMaterialUpdate":false,"showSkybox":true,"showFlares":true,"showImageEffects":true,"showParticleSystems":true},"in2DMode":false,"pivot":{"x":-3.559999942779541,"y":1.350000023841858,"z":-0.8799999952316284},"rotation":{"x":0.001188645837828517,"y":0.918150782585144,"z":-0.0027544917538762094,"w":0.3962198495864868},"size":4.032008171081543,"orthographic":false}