{"cameraMode":{"drawMode":0,"name":"Shaded","section":"Shading Mode"},"sceneLighting":false,"audioPlay":false,"sceneViewState":{"showFog":true,"showMaterialUpdate":false,"showSkybox":true,"showFlares":true,"showImageEffects":true,"showParticleSystems":true},"in2DMode":false,"pivot":{"x":-7.03000020980835,"y":1.0310001373291016,"z":-10.944999694824219},"rotation":{"x":-0.38304856419563296,"y":-0.537235677242279,"z":0.2983967959880829,"w":-0.6896455883979797},"size":2.829160451889038,"orthographic":false}