{"cameraMode":{"drawMode":0,"name":"Shaded","section":"Shading Mode"},"sceneLighting":true,"audioPlay":false,"sceneViewState":{"showFog":false,"showMaterialUpdate":false,"showSkybox":false,"showFlares":false,"showImageEffects":false,"showParticleSystems":false},"in2DMode":false,"pivot":{"x":-3.2828867435455324,"y":3.4772415161132814,"z":-6.609640598297119},"rotation":{"x":0.07276545464992523,"y":0.2034924179315567,"z":-0.015167261473834515,"w":0.9762510061264038},"size":9.998126983642579,"orthographic":false}