{"cameraMode":{"drawMode":0,"name":"Shaded","section":"Shading Mode"},"sceneLighting":false,"audioPlay":false,"sceneViewState":{"showFog":true,"showMaterialUpdate":false,"showSkybox":true,"showFlares":true,"showImageEffects":true,"showParticleSystems":true},"in2DMode":false,"pivot":{"x":1.3601468801498414,"y":1.6729258298873902,"z":-13.616888999938965},"rotation":{"x":-0.16055764257907868,"y":-0.7576945424079895,"z":0.599067211151123,"w":-0.2030734419822693},"size":0.26425880193710329,"orthographic":false}