{"cameraMode":{"drawMode":0,"name":"Shaded","section":"Shading Mode"},"sceneLighting":true,"audioPlay":false,"sceneViewState":{"showFog":false,"showMaterialUpdate":false,"showSkybox":false,"showFlares":false,"showImageEffects":false,"showParticleSystems":false},"in2DMode":false,"pivot":{"x":-1.899999976158142,"y":1.6200000047683716,"z":-2.4800000190734865},"rotation":{"x":-0.08854421973228455,"y":0.909796953201294,"z":-0.3140675723552704,"w":-0.2564975619316101},"size":9.99527359008789,"orthographic":false}