{"cameraMode":{"drawMode":0,"name":"Shaded","section":"Shading Mode"},"sceneLighting":false,"audioPlay":false,"sceneViewState":{"showFog":true,"showMaterialUpdate":false,"showSkybox":true,"showFlares":true,"showImageEffects":true,"showParticleSystems":true},"in2DMode":false,"pivot":{"x":1.5786221027374268,"y":1.3830000162124634,"z":-13.622722625732422},"rotation":{"x":-0.10850735008716583,"y":-0.8849040865898132,"z":0.25782448053359988,"w":-0.3724210262298584},"size":0.3377457857131958,"orthographic":false}