{"cameraMode":{"drawMode":0,"name":"Shaded","section":"Shading Mode"},"sceneLighting":false,"audioPlay":false,"sceneViewState":{"showFog":false,"showMaterialUpdate":false,"showSkybox":false,"showFlares":false,"showImageEffects":false,"showParticleSystems":false},"in2DMode":false,"pivot":{"x":0.44480589032173159,"y":3.6600000858306886,"z":-6.840000152587891},"rotation":{"x":0.06732334196567536,"y":0.06072229519486427,"z":-0.004104963503777981,"w":0.9958732724189758},"size":1.0320090055465699,"orthographic":false}