{"cameraMode":{"drawMode":0,"name":"Shaded","section":"Shading Mode"},"sceneLighting":false,"audioPlay":false,"sceneViewState":{"showFog":false,"showMaterialUpdate":false,"showSkybox":false,"showFlares":false,"showImageEffects":false,"showParticleSystems":false},"in2DMode":false,"pivot":{"x":0.18901240825653077,"y":3.8673784732818605,"z":-4.043788909912109},"rotation":{"x":0.037650950253009799,"y":-0.8728484511375427,"z":-0.06822133809328079,"w":-0.4817301630973816},"size":0.765338122844696,"orthographic":false}