{"cameraMode":{"drawMode":0,"name":"Shaded","section":"Shading Mode"},"sceneLighting":false,"audioPlay":false,"sceneViewState":{"showFog":true,"showMaterialUpdate":false,"showSkybox":true,"showFlares":true,"showImageEffects":true,"showParticleSystems":true},"in2DMode":false,"pivot":{"x":1.3320000171661378,"y":1.4989999532699586,"z":-13.8149995803833},"rotation":{"x":0.07778938114643097,"y":-0.8169532418251038,"z":0.11346952617168427,"w":0.5600544214248657},"size":0.9180874228477478,"orthographic":false}