{"cameraMode":{"drawMode":0,"name":"Shaded","section":"Shading Mode"},"sceneLighting":true,"audioPlay":false,"sceneViewState":{"showFog":false,"showMaterialUpdate":false,"showSkybox":false,"showFlares":false,"showImageEffects":false,"showParticleSystems":false},"in2DMode":false,"pivot":{"x":2.424736976623535,"y":0.1849379539489746,"z":-10.435104370117188},"rotation":{"x":0.2280859798192978,"y":0.6906620860099793,"z":-0.24586781859397889,"w":0.6407119035720825},"size":7.408292293548584,"orthographic":false}