{"cameraMode":{"drawMode":0,"name":"Shaded","section":"Shading Mode"},"sceneLighting":false,"audioPlay":false,"sceneViewState":{"showFog":true,"showMaterialUpdate":false,"showSkybox":true,"showFlares":true,"showImageEffects":true,"showParticleSystems":true},"in2DMode":false,"pivot":{"x":11.3535795211792,"y":6.517273426055908,"z":-14.289839744567871},"rotation":{"x":0.24262674152851106,"y":0.7446169257164002,"z":-0.352828711271286,"w":0.5120448470115662},"size":7.44879674911499,"orthographic":false}