{"cameraMode":{"drawMode":0,"name":"Shaded","section":"Shading Mode"},"sceneLighting":false,"audioPlay":false,"sceneViewState":{"showFog":true,"showMaterialUpdate":false,"showSkybox":true,"showFlares":true,"showImageEffects":true,"showParticleSystems":true},"in2DMode":false,"pivot":{"x":-4.788505554199219,"y":1.2562940120697022,"z":-6.5367431640625},"rotation":{"x":0.0018519250443205238,"y":0.9915881156921387,"z":-0.12863005697727204,"w":0.014277452602982521},"size":2.582552433013916,"orthographic":false}