{"cameraMode":{"drawMode":0,"name":"Shaded","section":"Shading Mode"},"sceneLighting":true,"audioPlay":false,"sceneViewState":{"showFog":false,"showMaterialUpdate":false,"showSkybox":false,"showFlares":false,"showImageEffects":false,"showParticleSystems":false},"in2DMode":false,"pivot":{"x":3.7470250129699709,"y":1.446976661682129,"z":-5.532302379608154},"rotation":{"x":0.18928658962249757,"y":-0.6566334366798401,"z":0.17538154125213624,"w":0.7086920738220215},"size":2.2868247032165529,"orthographic":false}