{"cameraMode":{"drawMode":0,"name":"Shaded","section":"Shading Mode"},"sceneLighting":false,"audioPlay":false,"sceneViewState":{"showFog":true,"showMaterialUpdate":false,"showSkybox":true,"showFlares":true,"showImageEffects":true,"showParticleSystems":true},"in2DMode":false,"pivot":{"x":-5.889211177825928,"y":1.024998664855957,"z":-7.468994140625},"rotation":{"x":-0.2647411823272705,"y":0.7136585712432861,"z":-0.3434236943721771,"w":-0.5501489043235779},"size":2.5288634300231935,"orthographic":false}