{"cameraMode":{"drawMode":0,"name":"Shaded","section":"Shading Mode"},"sceneLighting":true,"audioPlay":false,"sceneViewState":{"showFog":false,"showMaterialUpdate":false,"showSkybox":false,"showFlares":false,"showImageEffects":false,"showParticleSystems":false},"in2DMode":false,"pivot":{"x":-0.4576530456542969,"y":0.3466686010360718,"z":0.7234258651733398},"rotation":{"x":-0.15990889072418214,"y":0.7138595581054688,"z":-0.17310400307178498,"w":-0.6594457626342773},"size":4.3320088386535648,"orthographic":false}