{"cameraMode":{"drawMode":0,"name":"Shaded","section":"Shading Mode"},"sceneLighting":true,"audioPlay":false,"sceneViewState":{"showFog":false,"showMaterialUpdate":false,"showSkybox":false,"showFlares":false,"showImageEffects":false,"showParticleSystems":false},"in2DMode":false,"pivot":{"x":268.96392822265627,"y":120.77090454101563,"z":89.5152587890625},"rotation":{"x":0.18640059232711793,"y":-0.005011446308344603,"z":0.0009506554924882948,"w":0.982460618019104},"size":586.813232421875,"orthographic":false}